{"cameraMode":{"drawMode":0,"name":"Shaded","section":"Shading Mode"},"sceneLighting":true,"audioPlay":false,"sceneViewState":{"m_AlwaysRefresh":false,"showFog":true,"showSkybox":true,"showFlares":true,"showImageEffects":true,"showParticleSystems":true,"showVisualEffectGraphs":true,"m_FxEnabled":true},"in2DMode":false,"pivot":{"x":82.03788757324219,"y":-10.841198921203614,"z":-18.933612823486329},"rotation":{"x":-0.2362527996301651,"y":0.004661305341869593,"z":-0.001132929464802146,"w":-0.9716830253601074},"size":47.88640594482422,"orthographic":false}