{"cameraMode":{"drawMode":0,"name":"Shaded","section":"Shading Mode"},"sceneLighting":true,"audioPlay":false,"sceneViewState":{"m_AlwaysRefresh":false,"showFog":true,"showSkybox":true,"showFlares":true,"showImageEffects":true,"showParticleSystems":true,"showVisualEffectGraphs":true,"m_FxEnabled":true},"in2DMode":false,"pivot":{"x":19.73459243774414,"y":0.3648247718811035,"z":2.838268756866455},"rotation":{"x":-0.16143380105495454,"y":-0.04469185695052147,"z":0.007321502547711134,"w":-0.9858535528182983},"size":12.412565231323243,"orthographic":false}