{"cameraMode":{"drawMode":0,"name":"Shaded","section":"Shading Mode"},"sceneLighting":true,"audioPlay":false,"sceneViewState":{"m_AlwaysRefresh":false,"showFog":true,"showSkybox":true,"showFlares":true,"showImageEffects":true,"showParticleSystems":true,"showVisualEffectGraphs":true,"m_FxEnabled":true},"in2DMode":false,"pivot":{"x":45.069252014160159,"y":-1.9278466701507569,"z":5.1331610679626469},"rotation":{"x":-0.11993271112442017,"y":0.037812307476997378,"z":-0.0045712655410170559,"w":-0.9920517802238464},"size":6.340129852294922,"orthographic":false}